title,name,rental_count,ntile
Fugitive Maguire,Travel,11,1
Smile Earring,Travel,10,1
Superfly Trip,Travel,10,1
Madigan Dorado,Travel,10,1
Frogmen Breaking,Travel,10,1
Speed Suit,Travel,9,1
Shining Roses,Travel,8,1
Papi Necklace,Travel,8,1
Leathernecks Dwarfs,Travel,7,1
Cassidy Wyoming,Travel,6,1
Desperate Trainspotting,Travel,6,1
Italian African,Travel,6,1
Haunted Antitrust,Travel,6,1
Traffic Hobbit,Travel,5,1
Stone Fire,Travel,11,2
Boiled Dares,Travel,15,2
Sweet Brotherhood,Travel,15,2
Shane Darkness,Travel,14,2
Games Bowfinger,Travel,14,2
Tomatoes Hellfighters,Travel,14,2
Outlaw Hanky,Travel,14,2
Shanghai Tycoon,Travel,14,2
Window Side,Travel,12,2
Born Spinal,Travel,12,2
Valentine Vanishing,Travel,12,2
Drumline Cyclone,Travel,11,2
Bird Independence,Travel,11,2
Kick Savannah,Travel,20,3
Disciple Mother,Travel,19,3
Igby Maker,Travel,19,3
Shawshank Bubble,Travel,19,3
Enough Raging,Travel,18,3
Expecations Natural,Travel,18,3
Comforts Rush,Travel,17,3
Teen Apollo,Travel,17,3
Factory Dragon,Travel,17,3
Moulin Wake,Travel,16,3
Casablanca Super,Travel,16,3
Lock Rear,Travel,16,3
Worker Tarzan,Travel,15,3
Wolves Desire,Travel,21,4
Coma Head,Travel,26,4
Fellowship Autumn,Travel,26,4
Contact Anonymous,Travel,26,4
Escape Metropolis,Travel,25,4
Working Microcosmos,Travel,25,4
Others Soup,Travel,23,4
Trouble Date,Travel,23,4
Liaisons Sweet,Travel,22,4
Basic Easy,Travel,21,4
Horror Reign,Travel,27,4
Muscle Bright,Travel,30,4
Bucket Brotherhood,Travel,34,4
Flight Lies,Sports,12,1
Mussolini Spoilers,Sports,5,1
Graceland Dynamite,Sports,6,1
Bubble Grosse,Sports,6,1
Divorce Shining,Sports,7,1
Sense Greek,Sports,7,1
Squad Fish,Sports,7,1
Lesson Cleopatra,Sports,7,1
Crusade Honey,Sports,8,1
Records Zorro,Sports,8,1
Drop Waterfront,Sports,9,1
Kramer Chocolate,Sports,9,1
Caribbean Liberty,Sports,9,1
Victory Academy,Sports,9,1
Elizabeth Shane,Sports,10,1
Rider Caddyshack,Sports,11,1
Cranes Reservoir,Sports,11,1
Smoochy Control,Sports,12,1
California Birds,Sports,12,1
Gunfighter Mussolini,Sports,12,2
Slipper Fidelity,Sports,16,2
Pickup Driving,Sports,16,2
Steers Armageddon,Sports,15,2
Loser Hustler,Sports,15,2
Holes Brannigan,Sports,15,2
Sierra Divide,Sports,15,2
Mosquito Armageddon,Sports,15,2
Hysterical Grail,Sports,15,2
Image Princess,Sports,14,2
Peach Innocent,Sports,14,2
Mother Oleander,Sports,14,2
Exorcist Sting,Sports,13,2
Tuxedo Mile,Sports,13,2
Mile Mulan,Sports,13,2
Anonymous Human,Sports,13,2
Liberty Magnificent,Sports,12,2
Evolution Alter,Sports,12,2
Northwest Polish,Sports,20,3
Artist Coldblooded,Sports,16,3
Dude Blindness,Sports,16,3
Mummy Creatures,Sports,16,3
Mermaid Insects,Sports,16,3
Joon Northwest,Sports,17,3
Satisfaction Confidential,Sports,17,3
Poseidon Forever,Sports,17,3
Instinct Airport,Sports,18,3
Secretary Rouge,Sports,18,3
Jade Bunch,Sports,18,3
Driver Annie,Sports,18,3
Groove Fiction,Sports,18,3
Novocaine Flight,Sports,19,3
Neighbors Charade,Sports,19,3
Honey Ties,Sports,19,3
Straight Hours,Sports,20,3
River Outlaw,Sports,20,3
Durham Panky,Sports,26,4
Gleaming Jawbreaker,Sports,29,4
Talented Homicide,Sports,29,4
Peak Forever,Sports,20,4
Pirates Roxanne,Sports,21,4
Star Operation,Sports,21,4
Shakespeare Saddle,Sports,22,4
Tourist Pelican,Sports,22,4
Flatliners Killer,Sports,22,4
Congeniality Quest,Sports,22,4
Philadelphia Wife,Sports,23,4
Aladdin Calendar,Sports,23,4
Trading Pinocchio,Sports,25,4
Tights Dawn,Sports,26,4
Seabiscuit Punk,Sports,26,4
Saturday Lambs,Sports,28,4
Chance Resurrection,Sports,27,4
Roses Treasure,Sports,28,4
Express Lonely,Sci-Fi,13,1
Connecticut Tramp,Sci-Fi,13,1
Identity Lover,Sci-Fi,13,1
Citizen Shrek,Sci-Fi,13,1
Silverado Goldfinger,Sci-Fi,12,1
Spirited Casualties,Sci-Fi,11,1
Hollow Jeopardy,Sci-Fi,10,1
Fiddler Lost,Sci-Fi,10,1
Frisco Forrest,Sci-Fi,9,1
Dolls Rage,Sci-Fi,9,1
Random Go,Sci-Fi,9,1
Guys Falcon,Sci-Fi,9,1
Soldiers Evolution,Sci-Fi,8,1
License Weekend,Sci-Fi,7,1
Stallion Sundance,Sci-Fi,7,1
Hamlet Wisdom,Sci-Fi,14,2
Reign Gentlemen,Sci-Fi,20,2
Trojan Tomorrow,Sci-Fi,19,2
Eyes Driving,Sci-Fi,19,2
Weekend Personal,Sci-Fi,18,2
Unforgiven Zoolander,Sci-Fi,18,2
Attacks Hate,Sci-Fi,16,2
Daisy Menagerie,Sci-Fi,16,2
Coldblooded Darling,Sci-Fi,16,2
Panther Reds,Sci-Fi,15,2
Charade Duffel,Sci-Fi,15,2
Blindness Gun,Sci-Fi,14,2
Nemo Campus,Sci-Fi,14,2
Cincinatti Whisperer,Sci-Fi,13,2
Raging Airplane,Sci-Fi,13,2
Barbarella Streetcar,Sci-Fi,25,3
Annie Identity,Sci-Fi,22,3
Whisperer Giant,Sci-Fi,22,3
Divide Monster,Sci-Fi,21,3
Open African,Sci-Fi,21,3
Mourning Purple,Sci-Fi,21,3
Beverly Outlaw,Sci-Fi,21,3
Armageddon Lost,Sci-Fi,21,3
Vacation Boondock,Sci-Fi,21,3
Chainsaw Uptown,Sci-Fi,21,3
Chariots Conspiracy,Sci-Fi,21,3
Badman Dawn,Sci-Fi,21,3
Garden Island,Sci-Fi,20,3
Cheaper Clyde,Sci-Fi,20,3
Wonderland Christmas,Sci-Fi,22,3
Camelot Vacation,Sci-Fi,27,4
Fish Opus,Sci-Fi,25,4
Sun Confessions,Sci-Fi,25,4
Disturbing Scarface,Sci-Fi,26,4
Metropolis Coma,Sci-Fi,26,4
Hanky October,Sci-Fi,26,4
None Spiking,Sci-Fi,27,4
Goldmine Tycoon,Sci-Fi,27,4
Bingo Talented,Sci-Fi,29,4
Titans Jerk,Sci-Fi,29,4
Graffiti Love,Sci-Fi,30,4
English Bulworth,Sci-Fi,30,4
Married Go,Sci-Fi,30,4
Goodfellas Salute,Sci-Fi,31,4
Jungle Closer,New,9,1
Mannequin Worst,New,5,1
Frontier Cabin,New,6,1
Oklahoma Jumanji,New,6,1
Apocalypse Flamingos,New,6,1
Wild Apollo,New,6,1
Phantom Glory,New,6,1
Vanished Garden,New,7,1
Eve Resurrection,New,7,1
Godfather Diary,New,8,1
Runaway Tenenbaums,New,8,1
Jumanji Blade,New,8,1
Clyde Theory,New,8,1
Chaplin License,New,8,1
Platoon Instinct,New,9,1
Nuts Ties,New,9,2
Ending Crowds,New,11,2
Vampire Whale,New,12,2
Loverboy Attacks,New,12,2
Brannigan Sunrise,New,12,2
Wyoming Storm,New,13,2
Breaking Home,New,13,2
Flash Wars,New,13,2
Run Pacific,New,10,2
Day Unfaithful,New,14,2
Stock Glass,New,14,2
Troopers Metal,New,14,2
Destiny Saturday,New,16,2
Varsity Trip,New,16,2
Pluto Oleander,New,16,2
Jekyll Frogmen,New,17,3
Unbreakable Karate,New,21,3
Money Harold,New,20,3
Interview Liaisons,New,20,3
Redemption Comforts,New,20,3
Voice Peach,New,19,3
Mine Titans,New,19,3
Hours Rage,New,19,3
Cleopatra Devil,New,18,3
Boulevard Mob,New,18,3
Dragonfly Strangers,New,18,3
Birds Perdition,New,18,3
Mask Peach,New,17,3
Idaho Love,New,17,3
Breakfast Goldfinger,New,17,3
Ridgemont Submarine,New,32,4
Sleepy Japanese,New,21,4
Amistad Midsummer,New,21,4
Pianist Outfield,New,21,4
Sting Personal,New,21,4
Eagles Panky,New,22,4
Angels Life,New,22,4
Earth Vision,New,23,4
Salute Apollo,New,23,4
Flamingos Connecticut,New,23,4
Maiden Home,New,24,4
Attraction Newton,New,24,4
Samurai Lion,New,25,4
Fatal Haunted,New,28,4
Butterfly Chocolat,New,30,4
Impact Aladdin,Music,9,1
Terminator Club,Music,6,1
Youth Kick,Music,6,1
Clue Grail,Music,7,1
Heavenly Gun,Music,7,1
Elf Murder,Music,7,1
Rebel Airport,Music,8,1
Runner Madigan,Music,8,1
Grosse Wonderful,Music,8,1
Won Dares,Music,9,1
Legend Jedi,Music,9,1
Birdcage Casper,Music,9,1
Reds Pocus,Music,9,1
Uncut Suicides,Music,14,2
Silence Kane,Music,16,2
Personal Ladybugs,Music,14,2
Home Pity,Music,14,2
Chamber Italian,Music,13,2
Lucky Flying,Music,13,2
Minority Kiss,Music,12,2
Song Hedwig,Music,11,2
Jawbreaker Brooklyn,Music,10,2
Birch Antitrust,Music,11,2
Amelie Hellfighters,Music,10,2
Oleander Clue,Music,10,2
Monster Spartacus,Music,15,2
Go Purple,Music,20,3
Driving Polish,Music,21,3
Outfield Massacre,Music,20,3
Insider Arizona,Music,20,3
Masked Bubble,Music,20,3
Clones Pinocchio,Music,19,3
Alone Trip,Music,18,3
Vanishing Rocky,Music,18,3
Hanover Galaxy,Music,17,3
Freaky Pocus,Music,17,3
Taxi Kick,Music,17,3
Words Hunter,Music,16,3
Wizard Coldblooded,Music,16,3
Balloon Homeward,Music,23,4
Banger Pinocchio,Music,22,4
Scalawag Duck,Music,32,4
Deer Virginian,Music,29,4
Greatest North,Music,29,4
Boogie Amelie,Music,29,4
Enemy Odds,Music,29,4
Confidential Interview,Music,29,4
Telegraph Voyage,Music,27,4
Dorado Notting,Music,27,4
Alaska Phantom,Music,26,4
Roman Punk,Music,24,4
Train Bunch,Horror,4,1
Reef Salute,Horror,11,1
Rollercoaster Bringing,Horror,10,1
Anything Savannah,Horror,9,1
Ali Forever,Horror,9,1
Zhivago Core,Horror,9,1
World Leathernecks,Horror,8,1
Tarzan Videotape,Horror,8,1
Ace Goldfinger,Horror,7,1
Panic Club,Horror,7,1
Watership Frontier,Horror,6,1
Japanese Run,Horror,6,1
Texas Watch,Horror,6,1
Simon North,Horror,6,1
Gaslight Crusade,Horror,16,2
Motions Details,Horror,16,2
Spirit Flintstones,Horror,15,2
Paris Weekend,Horror,14,2
Elephant Trojan,Horror,14,2
Analyze Hoosiers,Horror,14,2
Drums Dynamite,Horror,13,2
Arabia Dogma,Horror,13,2
Behavior Runaway,Horror,13,2
Monterey Labyrinth,Horror,13,2
Temple Attraction,Horror,12,2
Alabama Devil,Horror,12,2
Bowfinger Gables,Horror,11,2
Sinners Atlantis,Horror,22,3
High Encino,Horror,22,3
Fidelity Devil,Horror,21,3
Undefeated Dalmations,Horror,21,3
Love Suicides,Horror,20,3
Desert Poseidon,Horror,19,3
Airport Pollock,Horror,18,3
Egypt Tenenbaums,Horror,17,3
Rock Instinct,Horror,17,3
Strangers Graffiti,Horror,17,3
Lady Stage,Horror,17,3
Rules Human,Horror,16,3
Reap Unfaithful,Horror,16,3
Pulp Beverly,Horror,30,4
Family Sweet,Horror,29,4
Swarm Gold,Horror,27,4
Streetcar Intentions,Horror,25,4
Arachnophobia Rollercoaster,Horror,24,4
Lola Agent,Horror,24,4
Sleeping Suspects,Horror,24,4
Freddy Storm,Horror,23,4
Karate Moon,Horror,23,4
Carrie Bunch,Horror,23,4
Patton Interview,Horror,23,4
Yentl Idaho,Horror,23,4
Affair Prejudice,Horror,23,4
Fire Wolves,Games,7,1
Glory Tracy,Games,5,1
Fever Empire,Games,5,1
Private Drop,Games,5,1
Seven Swarm,Games,5,1
Ladybugs Armageddon,Games,6,1
Bulworth Commandments,Games,7,1
Pizza Jumanji,Games,7,1
Dwarfs Alter,Games,9,1
Vanilla Day,Games,9,1
Darling Breaking,Games,9,1
Monsoon Cause,Games,9,1
Lambs Cincinatti,Games,10,1
Gathering Calendar,Games,11,1
Feathers Metal,Games,11,1
Autumn Crow,Games,11,2
Tycoon Gathering,Games,12,2
Sassy Packer,Games,13,2
State Wasteland,Games,13,2
Moonwalker Fool,Games,13,2
Stampede Disturbing,Games,14,2
Grinch Massage,Games,14,2
Chicago North,Games,16,2
Madre Gables,Games,14,2
Dirty Ace,Games,15,2
Panky Submarine,Games,15,2
Creatures Shakespeare,Games,16,2
Divine Resurrection,Games,15,2
Human Graffiti,Games,15,2
Wanda Chamber,Games,16,2
Roxanne Rebel,Games,19,3
Volcano Texas,Games,22,3
Head Stranger,Games,22,3
Maltese Hope,Games,22,3
Sleuth Orient,Games,21,3
Suit Walls,Games,21,3
Moonshine Cabin,Games,21,3
Fantasia Park,Games,19,3
Details Packer,Games,19,3
Mars Roman,Games,19,3
Encino Elf,Games,19,3
Rouge Squad,Games,18,3
Dawn Pond,Games,18,3
Jericho Mulan,Games,17,3
Outbreak Divine,Games,23,4
Name Detective,Games,23,4
Wind Phantom,Games,23,4
Candles Grapes,Games,23,4
Ice Crossing,Games,24,4
Nightmare Chill,Games,25,4
Gun Bonnie,Games,25,4
Curtain Videotape,Games,27,4
Videotape Arsenic,Games,29,4
Massacre Usual,Games,30,4
Grit Clockwork,Games,32,4
Forward Temple,Games,32,4
Haunting Pianist,Games,22,4
Spy Mile,Games,27,4
Wonderful Drop,Foreign,9,1
Hotel Happiness,Foreign,9,1
Mixed Doors,Foreign,4,1
Reservoir Adaptation,Foreign,10,1
Informer Double,Foreign,5,1
Happiness United,Foreign,6,1
School Jacket,Foreign,6,1
Vision Torque,Foreign,7,1
Cowboy Doom,Foreign,7,1
Mulholland Beast,Foreign,7,1
Baby Hall,Foreign,8,1
Doubtfire Labyrinth,Foreign,10,1
Hoosiers Birdcage,Foreign,8,1
Ballroom Mockingbird,Foreign,8,1
Pet Haunting,Foreign,8,1
Maude Mod,Foreign,8,1
Matrix Snowman,Foreign,9,1
Dangerous Uptown,Foreign,12,2
Alley Evolution,Foreign,14,2
Impossible Prejudice,Foreign,14,2
Town Ark,Foreign,14,2
Kane Exorcist,Foreign,14,2
Hunger Roof,Foreign,13,2
Past Suicides,Foreign,13,2
Everyone Craft,Foreign,13,2
Purple Movie,Foreign,13,2
Usual Untouchables,Foreign,13,2
Meet Chocolate,Foreign,12,2
War Notting,Foreign,12,2
Sorority Queen,Foreign,12,2
Lost Bird,Foreign,12,2
Bugsy Song,Foreign,11,2
Opus Ice,Foreign,11,2
Frida Slipper,Foreign,11,2
Newton Labyrinth,Foreign,17,3
Shrek License,Foreign,15,3
Holiday Games,Foreign,15,3
Cyclone Family,Foreign,15,3
Scissorhands Slums,Foreign,15,3
Illusion Amelie,Foreign,15,3
Trap Guys,Foreign,16,3
Command Darling,Foreign,16,3
Greek Everyone,Foreign,17,3
Calendar Gunfight,Foreign,21,3
Hellfighters Sierra,Foreign,20,3
Intrigue Worst,Foreign,20,3
Stepmom Dream,Foreign,20,3
Jet Neighbors,Foreign,20,3
Fiction Christmas,Foreign,19,3
Whale Bikini,Foreign,18,3
Pollock Deliverance,Foreign,18,3
Shock Cabin,Foreign,30,4
Rocketeer Mother,Foreign,33,4
Moon Bunch,Foreign,29,4
Lose Inch,Foreign,27,4
Innocent Usual,Foreign,26,4
Madness Attacks,Foreign,25,4
Alamo Videotape,Foreign,24,4
Orange Grapes,Foreign,24,4
Wash Heavenly,Foreign,23,4
Kiss Glory,Foreign,22,4
Grapes Fury,Foreign,22,4
Alien Center,Foreign,22,4
Agent Truman,Foreign,21,4
Highball Potter,Foreign,21,4
Brooklyn Desert,Foreign,21,4
Gentlemen Stage,Foreign,23,4
Dumbo Lust,Family,6,1
Killer Innocent,Family,6,1
President Bang,Family,7,1
Bang Kwai,Family,7,1
Braveheart Human,Family,5,1
Sunset Racer,Family,8,1
Soup Wisdom,Family,8,1
Maguire Apache,Family,9,1
King Evolution,Family,9,1
Spartacus Cheaper,Family,9,1
Blood Argonauts,Family,10,1
Sensibility Rear,Family,10,1
Lolita World,Family,10,1
Prix Undefeated,Family,11,1
Blanket Beverly,Family,12,1
Pittsburgh Hunchback,Family,12,1
Finding Anaconda,Family,12,1
Robbery Bright,Family,13,2
Willow Tracy,Family,16,2
Odds Boogie,Family,15,2
Hunting Musketeers,Family,15,2
Siege Madre,Family,15,2
Manchurian Curtain,Family,15,2
Virtual Spoilers,Family,14,2
Splash Gump,Family,14,2
Opposite Necklace,Family,13,2
Bedazzled Married,Family,13,2
Spinal Rocky,Family,13,2
Chisum Behavior,Family,13,2
Super Wyoming,Family,13,2
Natural Stock,Family,13,2
Date Speed,Family,13,2
Bilko Anonymous,Family,13,2
African Egg,Family,12,2
Chasing Fight,Family,20,3
Pilot Hoosiers,Family,16,3
Baked Cleopatra,Family,16,3
Indian Love,Family,16,3
Confused Candles,Family,17,3
Conversation Downhill,Family,17,3
Louisiana Harry,Family,17,3
Gandhi Kwai,Family,17,3
Remember Diary,Family,18,3
Music Boondock,Family,19,3
Secrets Paradise,Family,20,3
Earring Instinct,Family,19,3
Jedi Beneath,Family,19,3
Gables Metropolis,Family,19,3
Rage Games,Family,19,3
Dinosaur Secretary,Family,20,3
Chocolat Harry,Family,20,3
Range Moonwalker,Family,27,4
Resurrection Silverado,Family,21,4
Blues Instinct,Family,21,4
Grease Youth,Family,21,4
Homicide Peach,Family,22,4
House Dynamite,Family,23,4
Slums Duck,Family,24,4
Atlantis Cause,Family,24,4
Jason Trap,Family,24,4
Effect Gladiator,Family,25,4
Feud Frogmen,Family,25,4
Half Outfield,Family,26,4
Movie Shakespeare,Family,27,4
Rush Goodfellas,Family,31,4
Network Peak,Family,31,4
Apache Divine,Family,31,4
Tenenbaums Command,Drama,13,1
Savannah Town,Drama,12,1
Mob Duffel,Drama,12,1
Beethoven Exorcist,Drama,11,1
Luck Opus,Drama,10,1
Notting Speakeasy,Drama,10,1
Paths Control,Drama,10,1
Gone Trouble,Drama,10,1
Diary Panic,Drama,9,1
Chitty Lock,Drama,8,1
Saints Bride,Drama,8,1
Unfaithful Kill,Drama,8,1
Harold French,Drama,8,1
Destination Jerk,Drama,8,1
Treatment Jekyll,Drama,7,1
Bunch Minds,Drama,5,1
Darkness War,Drama,13,2
Slacker Liaisons,Drama,17,2
Virgin Daisy,Drama,17,2
Rocky War,Drama,16,2
West Lion,Drama,16,2
Conquerer Nuts,Drama,16,2
Paycheck Wait,Drama,16,2
Craft Outfield,Drama,16,2
Translation Summer,Drama,15,2
Necklace Outbreak,Drama,15,2
Vietnam Smoochy,Drama,15,2
Edge Kissing,Drama,15,2
Greedy Roots,Drama,14,2
Confessions Maguire,Drama,14,2
Bright Encounters,Drama,13,2
Chill Luck,Drama,22,3
Beauty Grease,Drama,22,3
Queen Luke,Drama,22,3
Deceiver Betrayed,Drama,21,3
Lebowski Soldiers,Drama,21,3
Hunchback Impossible,Drama,20,3
Reunion Witches,Drama,20,3
Dalmations Sweden,Drama,20,3
Spice Sorority,Drama,20,3
Something Duck,Drama,19,3
Hanging Deep,Drama,19,3
Encounters Curtain,Drama,19,3
Racer Egg,Drama,18,3
Jacket Frisco,Drama,18,3
Orient Closer,Drama,17,3
Goldfinger Sensibility,Drama,24,4
Hobbit Alien,Drama,31,4
Witches Panic,Drama,30,4
Harry Idaho,Drama,30,4
Lies Treatment,Drama,27,4
Wardrobe Phantom,Drama,27,4
Torque Bound,Drama,27,4
Pity Bound,Drama,26,4
Coneheads Smoochy,Drama,25,4
Seattle Expecations,Drama,24,4
Shootist Superfly,Drama,24,4
Kwai Homeward,Drama,23,4
Scorpion Apollo,Drama,23,4
Sea Virgin,Drama,22,4
Blade Polish,Drama,22,4
Mod Secretary,Documentary,11,1
Hardly Robbers,Documentary,4,1
Hunter Alter,Documentary,5,1
Bed Highball,Documentary,6,1
Duffel Apocalypse,Documentary,7,1
Clerks Angels,Documentary,7,1
Young Language,Documentary,7,1
Newsies Story,Documentary,7,1
Hawk Chill,Documentary,7,1
Dozen Lion,Documentary,7,1
Untouchables Sunrise,Documentary,8,1
Intolerable Intentions,Documentary,9,1
Halloween Nuts,Documentary,10,1
Wars Pluto,Documentary,10,1
Wagon Jaws,Documentary,10,1
Spoilers Hellfighters,Documentary,10,1
Sagebrush Clueless,Documentary,16,2
Streak Ridgemont,Documentary,16,2
Homeward Cider,Documentary,16,2
Bonnie Holocaust,Documentary,16,2
Quills Bull,Documentary,16,2
Army Flintstones,Documentary,16,2
Modern Dorado,Documentary,15,2
Madison Trap,Documentary,15,2
Ship Wonderland,Documentary,15,2
Notorious Reunion,Documentary,14,2
Deep Crusade,Documentary,14,2
Wrath Mile,Documentary,14,2
Adaptation Holes,Documentary,12,2
Mighty Luck,Documentary,12,2
North Tequila,Documentary,11,2
Thin Sagebrush,Documentary,11,2
Midsummer Groundhog,Documentary,22,3
Chicken Hellfighters,Documentary,22,3
Beach Heartbreakers,Documentary,17,3
French Holiday,Documentary,17,3
Majestic Floats,Documentary,17,3
United Pilot,Documentary,17,3
Smoking Barbarella,Documentary,18,3
Bill Others,Documentary,19,3
Road Roxanne,Documentary,19,3
National Story,Documentary,19,3
Cider Desire,Documentary,19,3
Independence Hotel,Documentary,19,3
Coast Rainbow,Documentary,21,3
Egg Igby,Documentary,21,3
Secret Groundhog,Documentary,21,3
Cause Date,Documentary,21,3
Virginian Pluto,Documentary,29,4
Heavyweights Beast,Documentary,23,4
Cupboard Sinners,Documentary,23,4
Academy Dinosaur,Documentary,23,4
Wedding Apollo,Documentary,24,4
Pacific Amistad,Documentary,24,4
Metal Armageddon,Documentary,25,4
Show Lord,Documentary,25,4
Pocus Pulp,Documentary,26,4
Brotherhood Blanket,Documentary,26,4
Pelican Comforts,Documentary,26,4
Princess Giant,Documentary,27,4
Dancing Fever,Documentary,27,4
Expendable Stallion,Documentary,28,4
Wife Turn,Documentary,31,4
Rushmore Mermaid,Comedy,6,1
Freedom Cleopatra,Comedy,5,1
Mulan Moon,Comedy,13,1
Hedwig Alter,Comedy,12,1
Trainspotting Strangers,Comedy,11,1
Stage World,Comedy,10,1
Element Freddy,Comedy,10,1
Mystic Truman,Comedy,10,1
Life Twisted,Comedy,10,1
Wisdom Worker,Comedy,9,1
Crazy Home,Comedy,9,1
Vertigo Northwest,Comedy,8,1
Control Anthem,Comedy,7,1
Connection Microcosmos,Comedy,7,1
Party Knock,Comedy,13,2
Pure Runner,Comedy,16,2
Submarine Bed,Comedy,15,2
Lonely Elephant,Comedy,15,2
Airplane Sierra,Comedy,15,2
Anthem Luke,Comedy,15,2
Valley Packer,Comedy,15,2
Gold River,Comedy,14,2
Searchers Wait,Comedy,14,2
Jaws Harry,Comedy,14,2
Saddle Antitrust,Comedy,14,2
Saturn Name,Comedy,13,2
Memento Zoolander,Comedy,13,2
Daddy Pittsburgh,Comedy,13,2
Perfect Groove,Comedy,17,3
Fireball Philadelphia,Comedy,21,3
Doom Dancing,Comedy,21,3
Tramp Others,Comedy,20,3
Pinocchio Simon,Comedy,20,3
Bringing Hysterical,Comedy,20,3
Sweden Shining,Comedy,18,3
Lion Uncut,Comedy,18,3
Paradise Sabrina,Comedy,18,3
Heaven Freedom,Comedy,18,3
Groundhog Uncut,Comedy,18,3
Ferris Mother,Comedy,17,3
Flintstones Happiness,Comedy,17,3
Dying Maker,Comedy,17,3
Hustler Party,Comedy,22,4
Zorro Ark,Comedy,31,4
Cat Coneheads,Comedy,30,4
Closer Bang,Comedy,28,4
Operation Operation,Comedy,27,4
Velvet Terminator,Comedy,26,4
Mallrats United,Comedy,25,4
Downhill Enough,Comedy,25,4
Hurricane Affair,Comedy,24,4
Knock Warlock,Comedy,24,4
Caper Motions,Comedy,24,4
Gunfight Moon,Comedy,24,4
Strictly Scarface,Comedy,23,4
Snatch Slipper,Comedy,22,4
Beast Hunchback,Classics,11,1
Jeopardy Encino,Classics,10,1
Lover Truman,Classics,10,1
Holy Tadpole,Classics,9,1
Gilbert Pelican,Classics,9,1
Snatchers Montezuma,Classics,9,1
Magnificent Chitty,Classics,8,1
Lights Deer,Classics,8,1
Cruelty Unforgiven,Classics,7,1
Sling Luke,Classics,6,1
October Submarine,Classics,11,1
Extraordinary Conquerer,Classics,6,1
Conspiracy Spirit,Classics,5,1
Right Cranes,Classics,10,1
Musketeers Wait,Classics,17,2
Hope Tootsie,Classics,18,2
Roots Remember,Classics,17,2
League Hellfighters,Classics,17,2
Summer Scarface,Classics,16,2
Jeepers Wedding,Classics,16,2
Wasteland Divine,Classics,15,2
Creepers Kane,Classics,14,2
Lovely Jingle,Classics,14,2
Pajama Jawbreaker,Classics,14,2
Spiking Element,Classics,13,2
Jingle Sagebrush,Classics,13,2
Iron Moon,Classics,11,2
Towers Hurricane,Classics,11,2
Candidate Perdition,Classics,18,3
Center Dinosaur,Classics,24,3
Bound Cheaper,Classics,24,3
Steel Santa,Classics,23,3
Arizona Bang,Classics,21,3
Dracula Crystal,Classics,21,3
Prejudice Oleander,Classics,20,3
Jerk Paycheck,Classics,20,3
Million Ace,Classics,20,3
Requiem Tycoon,Classics,19,3
Patient Sister,Classics,19,3
Core Suit,Classics,18,3
Galaxy Sweethearts,Classics,18,3
Frost Head,Classics,30,4
Color Philadelphia,Classics,24,4
Tomorrow Hustler,Classics,25,4
Dynamite Tarzan,Classics,25,4
Westward Seabiscuit,Classics,26,4
Hyde Doctor,Classics,26,4
Malkovich Pet,Classics,26,4
Island Exorcist,Classics,26,4
Loathing Legally,Classics,27,4
Detective Vision,Classics,27,4
Voyage Legally,Classics,28,4
Gilmore Boiled,Classics,28,4
Timberland Sky,Classics,31,4
Daughter Madigan,Children,9,1
Full Flatliners,Children,5,1
Warlock Werewolf,Children,6,1
Jersey Sassy,Children,6,1
Tequila Past,Children,6,1
Comancheros Enemy,Children,6,1
Doctor Grail,Children,7,1
Magic Mallrats,Children,7,1
Casper Dragonfly,Children,8,1
Legally Secretary,Children,9,1
Maker Gables,Children,10,1
Beneath Rush,Children,10,1
Clockwork Paradise,Children,10,1
Santa Paris,Children,11,1
Language Cowboy,Children,11,1
Twisted Pirates,Children,11,2
Stranger Strangers,Children,11,2
Ties Hunger,Children,11,2
Uptown Young,Children,12,2
Hollywood Anonymous,Children,13,2
Microcosmos Paradise,Children,13,2
Forever Candidate,Children,13,2
Labyrinth League,Children,15,2
Betrayed Rear,Children,15,2
Graduate Lord,Children,16,2
Hall Cassidy,Children,16,2
Cabin Flash,Children,15,2
Tootsie Pilot,Children,15,2
Model Fish,Children,15,2
Circus Youth,Children,15,2
Scarface Bang,Children,18,3
Splendor Patton,Children,21,3
Empire Malkovich,Children,21,3
Ghost Groundhog,Children,21,3
Heartbreakers Bright,Children,20,3
Wrong Behavior,Children,20,3
Gorgeous Bingo,Children,19,3
Sundance Invasion,Children,19,3
Fury Murder,Children,19,3
Backlash Undefeated,Children,19,3
Polish Brooklyn,Children,18,3
Zoolander Fiction,Children,17,3
Holocaust Highball,Children,17,3
Noon Papi,Children,17,3
Sabrina Midnight,Children,21,4
Bear Graceland,Children,22,4
Murder Antitrust,Children,23,4
Crooked Frogmen,Children,23,4
Fargo Gandhi,Children,24,4
Strangelove Desire,Children,24,4
Jumping Wrath,Children,24,4
Shepherd Midsummer,Children,25,4
Invasion Cyclone,Children,27,4
Giant Troopers,Children,28,4
Sweethearts Suspects,Children,29,4
Idols Snatchers,Children,30,4
Robbers Joon,Children,31,4
Christmas Moonshine,Children,21,4
Hook Chariots,Animation,13,1
Donnie Alley,Animation,14,1
Champion Flatliners,Animation,13,1
Duck Racer,Animation,6,1
Luke Mummy,Animation,7,1
Menagerie Rushmore,Animation,7,1
Early Home,Animation,7,1
Ishtar Rocketeer,Animation,7,1
Desire Alien,Animation,8,1
Punk Divorce,Animation,8,1
Dares Pluto,Animation,9,1
Ghostbusters Elf,Animation,9,1
Miracle Virtual,Animation,9,1
Theory Mermaid,Animation,11,1
Potluck Mixed,Animation,11,1
Massage Image,Animation,12,1
Sons Interview,Animation,15,2
Thief Pelican,Animation,19,2
Mission Zoolander,Animation,18,2
Wonka Sea,Animation,18,2
Inch Jet,Animation,18,2
Carol Texas,Animation,18,2
Insects Stone,Animation,18,2
Potter Connecticut,Animation,17,2
Lawless Vision,Animation,17,2
Bikini Borrowers,Animation,17,2
Sugar Wonka,Animation,17,2
Intentions Empire,Animation,17,2
Pride Alamo,Animation,16,2
Watch Tracy,Animation,16,2
Nash Chocolat,Animation,15,2
Turn Star,Animation,14,2
Canyon Stock,Animation,19,3
Club Graffiti,Animation,19,3
Pond Seattle,Animation,19,3
Doors President,Animation,19,3
Harper Dying,Animation,20,3
Sleepless Monsoon,Animation,20,3
Flying Hook,Animation,20,3
Room Roman,Animation,20,3
Crossroads Casualties,Animation,21,3
Anaconda Confessions,Animation,21,3
Wait Cider,Animation,21,3
Fight Jawbreaker,Animation,22,3
Alter Victory,Animation,22,3
Falcon Volume,Animation,22,3
Borrowers Bedazzled,Animation,22,3
Packer Madigan,Animation,22,3
Double Wrath,Animation,25,4
Snowman Rollercoaster,Animation,23,4
Titanic Boondock,Animation,23,4
Sunrise League,Animation,24,4
Horn Working,Animation,24,4
Oz Liaisons,Animation,24,4
Telemark Heartbreakers,Animation,25,4
Clash Freddy,Animation,25,4
Oscar Gold,Animation,25,4
Tracy Cider,Animation,26,4
Forrester Comancheros,Animation,27,4
Blackout Private,Animation,27,4
Gangs Pride,Animation,27,4
Storm Happiness,Animation,29,4
Dogma Family,Animation,30,4
Juggler Hardly,Animation,32,4
Dances None,Action,14,1
Side Ark,Action,12,1
Werewolf Lola,Action,14,1
Park Citizen,Action,8,1
Casualties Encino,Action,9,1
Montezuma Command,Action,9,1
Grail Frankenstein,Action,10,1
Antitrust Tomatoes,Action,10,1
Magnolia Forrester,Action,11,1
Lord Arizona,Action,11,1
Darko Dorado,Action,11,1
Lawrence Love,Action,13,1
Dragon Squad,Action,11,1
Speakeasy Date,Action,12,1
Crow Grease,Action,12,1
Gosford Donnie,Action,8,1
Rear Trading,Action,17,2
Midnight Westward,Action,17,2
Waterfront Deliverance,Action,17,2
Worst Banger,Action,16,2
Patriot Roman,Action,16,2
Bull Shawshank,Action,16,2
Uprising Uptown,Action,16,2
Caddyshack Jedi,Action,16,2
Lust Lock,Action,15,2
Rings Heartbreakers,Action,15,2
Devil Desire,Action,15,2
Entrapment Satisfaction,Action,15,2
Shrunk Divine,Action,14,2
Glass Dying,Action,14,2
Barefoot Manchurian,Action,18,2
Forrest Sons,Action,18,3
Easy Gladiator,Action,23,3
Fool Mockingbird,Action,23,3
Dream Pickup,Action,22,3
American Circus,Action,22,3
South Wait,Action,22,3
Amadeus Holy,Action,21,3
Excitement Eve,Action,21,3
Berets Agent,Action,21,3
Kissing Dolls,Action,20,3
Minds Truman,Action,20,3
Quest Mussolini,Action,20,3
Bride Intrigue,Action,19,3
Campus Remember,Action,19,3
Darn Forrester,Action,18,3
Women Dorado,Action,23,4
Truman Crazy,Action,23,4
Mockingbird Hollywood,Action,24,4
Drifter Commandments,Action,24,4
Celebrity Horn,Action,24,4
Hills Neighbors,Action,25,4
Clueless Bucket,Action,25,4
Stagecoach Armageddon,Action,26,4
Fantasy Troopers,Action,26,4
Primary Glass,Action,27,4
Handicap Boondock,Action,28,4
Story Side,Action,28,4
Trip Newton,Action,28,4
Rugrats Shakespeare,Action,30,4
Suspects Quills,Action,30,4
